<T3DataStructure>
    <meta>
        <langDisable>1</langDisable>
    </meta>
    <sheets>
        <sDEF>
            <ROOT>
                <TCEforms>
                    <sheetTitle>LLL:EXT:timeline/Resources/Private/Language/locallang_db.xlf:tx_timeline_domain_model_timeline</sheetTitle>
                </TCEforms>
                <type>array</type>
                <el>
                    <settings.layout>
                        <TCEforms>
                            <label>LLL:EXT:timeline/Resources/Private/Language/locallang_db.xlf:tx_timeline_domain_model_timeline.item_layout</label>
                            <config>
                                <type>select</type>
                                <items type="array">
                                    <numIndex index="0" type="array">
                                        <numIndex index="0">LLL:EXT:timeline/Resources/Private/Language/locallang_db.xlf:tx_timeline_domain_model_timeline.ts</numIndex>
                                        <numIndex index="1">fromTS</numIndex>
                                    </numIndex>
                                    <numIndex index="2" type="array">
                                        <numIndex index="0">Layout 1</numIndex>
                                        <numIndex index="1">1</numIndex>
                                    </numIndex>
                                    <numIndex index="3" type="array">
                                        <numIndex index="0">Layout 2</numIndex>
                                        <numIndex index="1">2</numIndex>
                                    </numIndex>
                                    <numIndex index="4" type="array">
                                        <numIndex index="0">Layout 3</numIndex>
                                        <numIndex index="1">3</numIndex>
                                    </numIndex>
                                </items>
                            </config>
                        </TCEforms>
                    </settings.layout>
                    <settings.color>
                        <TCEforms>
                            <label>LLL:EXT:timeline/Resources/Private/Language/locallang_db.xlf:tx_timeline_domain_model_timeline.item_color</label>
                            <config>							
                                <type>input</type>
                                <size>6</size>
                                <wizards>
                                    <color>
                                        <type>colorbox</type>
                                        <dim>212x18</dim>
                                        <tableStyle>border:solid 1px black;</tableStyle>
                                        <script>wizard_colorpicker.php</script>
                                        <module type="array">
                                            <name>wizard_colorpicker</name>
                                            <urlParameters type="array"/>
                                        </module> 
                                        <JSopenParams>height=340,width=360,status=0,menubar=0,scrollbars=1</JSopenParams>
                                    </color>
                                </wizards>
                                <default></default>
                                <eval>#555555</eval>
                            </config>
                        </TCEforms>
                    </settings.color>
                </el>
            </ROOT>
        </sDEF>
    </sheets>
</T3DataStructure>

